pointColName,pointName
VSD_M_DIAG_00,"Inverter Mandata Diagnostico"
VSD_R_DIAG_00,"Inverter Ripresa Diagnostico"
AUTOMAN_SERR_CMD_00,"Automatico Manuale Serrande Comando"
AUTOMAN_VLV_CMD_00,"Automatico Manuale Valvole Comando"
AUTOMAN_M_CMD_00,"Automatico Manuale Mandata Comando"
AUTOMAN_R_CMD_00,"Automatico Manuale Ripresa Comando"
LOCREM_CMD_00,"Selettore Locale Remoto Comando"
VSD_M_RESET_CMD_00,"Inverter Mandata Comando di Reset"
VSD_R_RESET_CMD_00,"Inverter Ripresa Comando di Reset"
METER_M_DIAG_00,"Misuratore Mandata Diagnostico"
METER_R_DIAG_00,"Misuratore Ripresa Diagnostico"
SERR_OUT_DIAG_00,"Serranda Aria di Espulsione Diagnostico"
VLV_RAF_DIAG_00,"Valvola Acqua Refrigerata Diagnostico"
VLV_SUR_DIAG_00,"Valvola Acqua Surriscaldata Diagnostico"
T_AMB_DIAG_00,"Temperatura Aria Ambiente Diagnostico A"
T_AMB_DIAG_01,"Temperatura Aria Ambiente Diagnostico B"
T_AMB_DIAG_02,"Temperatura Aria Ambiente Diagnostico C"
T_AMB_DIAG_03,"Temperatura Aria Ambiente Diagnostico D"
T_M_DIAG_00,"Temperatura Aria Mandata Diagnostico"
T_R_DIAG_00,"Temperatura Aria Ripresa Diagnostico"
VSD_M_DISPO_00,"Inverter Mandata Disponibilita"
VSD_R_DISPO_00,"Inverter Ripresa Diagnostico"
DISPO_00,Disponibilita
F_M_FDBK_01,"Frequenza Mandata Feedback"
F_R_FDBK_01,"Frequenza Ripresa Feedback"
VLV_RAF_CLOSED_00,"Valvola Acqua Refrigerata Finecorsa Chiuso"
VLV_SUR_CLOSED_00,"Valvola Acqua Surriscaldata Finecorsa Chiuso"
SERR_OUT_FDBK_00,"Serranda Aria di Espulsione Feedback"
VLV_RAF_FDBK_00,"Valvola Acqua Refrigerata Feedback"
VLV_SUR_FDBK_00,"Valvola Acqua Surriscaldata Feedback"
FILTER_ALRM_00,"Allarme Intasamento Filtro 1"
FILTER_ALRM_01,"Allarme Intasamento Filtro 2"
FILTER_ALRM_02,"Allarme Intasamento Filtro Ripresa"
MOTOR_M_DIAG_00,"Motore Mandata Protezione"
MOTOR_R_DIAG_00,"Motore Ripresa Protezione"
SERR_OUT_REG_00,"Serranda Aria di Espulsione Regolazione"
F_M_REG_00,"Frequenza Mandata Regolazione"
F_R_REG_00,"Frequenza Ripresa Regolazione"
VLV_RAF_REG_00,"Valvola Acqua Refrigerata Regolazione"
VLV_SUR_REG_00,"Valvola Acqua Surriscaldata Regolazione"
LOCREM_ST_00,"Selettore Locale Remoto Stato"
SERR_M_OPEN_00,"Serranda Aria di Mandata Aperta"
SERR_M_CLOSED_00,"Serranda Aria di Mandata Chiusa"
SERR_OUT_OPEN_00,"Serranda Aria di Espulsione Aperta"
SERR_OUT_CLOSED_00,"Serranda Aria di Espulsione Chiusa"
SERR_R_OPEN_00,"Serranda Aria di Ripresa Aperta"
SERR_R_CLOSED_00,"Serranda Aria di Ripresa Chiusa"
MOTOR_M_START_CMD_00,"Motore Mandata Comando di Start"
MOTOR_R_START_CMD_00,"Motore di Ripresa Comando di Start"
AUTOMAN_SERR_ST_00,"Automatico Manuale Serrande Stato"
AUTOMAN_VLV_ST_00,"Automatico Manuale Valvole Stato"
AUTOMAN_M_ST_00,"Automatico Manuale Mandata Stato"
AUTOMAN_R_ST_00,"Automatico Manuale Ripresa Stato"
MOTOR_M_ST_00,"Motore Mandata Stato"
MOTOR_R_ST_00,"Motore Ripresa Stato"
MOTOR_M_STOP_CMD_00,"Motore di Mandata Comando di Stop"
MOTOR_R_STOP_CMD_00,"Motore di Ripresa Comando di Stop"
T_AMB_00,"Temperatura Aria Ambiente A"
T_AMB_01,"Temperatura Aria Ambiente B"
T_AMB_02,"Temperatura Aria Ambiente C"
T_AMB_03,"Temperatura Aria Ambiente D"
T_M_00,"Temperatura Aria Mandata"
T_R_00,"Temperatura Aria Ripresa"
ANTIGELO_ALARM_00,"Antigelo Allarme"
CURRENT_M_00,"Corrente Ventilatore Mandata"
COSFI_M_00,"Fattore di Potenza Ventilatore Mandata"
E_CONS_ATT_M_00,"Energia Attiva Consumo Elettrico Mandata"
E_CONS_REAT_M_00,"Energia Reattiva Consumo Elettrico Mandata"
F_M_FDBK_00,"Frequenza Ventilatore Mandata Feedback"
UPTIME_M_00,"Tempo di funzionamento Mandata"
PW_ATT_M_00,"Potenza Attiva Mandata"
PW_REAT_M_00,"Potenza Reattiva Mandata"
VOLT_M_00,"Tensione Mandata"
CURRENT_R_00,"Corrente Ventilatore Ripresa"
COSFI_R_00,"Fattore di Potenza Ventilatore Ripresa"
E_CONS_ATT_R_00,"Energia Attiva Consumo Elettrico Ripresa"
E_CONS_REAT_R_00,"Energia Reattiva Consumo Elettrico Ripresa"
F_R_FDBK_00,"Frequenza Ventilatore Ripresa Feedback"
UPTIME_R_00,"Tempo di funzionamento Ripresa"
PW_ATT_R_00,"Potenza Attiva Ripresa"
PW_REAT_R_00,"Potenza Reattiva Ripresa"
VOLT_R_00,"Tensione Ripresa"
T_M_SP_00,"Temperatura Aria Mandata Setpoint"
T_R_SP_00,"Temperatura Aria Ritorno Setpoint"
T_AMB_04,"Temperatura Aria Ambiente Media"
SWITCH_M_ST_00,"Interruttore Mandata Stato"
SWITCH_R_ST_00,"Interruttore Ripresa Stato"
AUTOMAN_ST_00,"Automatico Manuale Stato"
PRIORITY_00,Priorita
T_AMB_SP_00,"Temperatura Aria Ambiente Setpoint"
